id_municipio,nome,sigla_uf
1100338,Nova Mamoré,RO
1100205,Porto Velho,RO
1101104,Itapuã do Oeste,RO
1100809,Candeias do Jamari,RO
1100940,Cujubim,RO
1100452,Buritis,RO
1100700,Campo Novo de Rondônia,RO
1100106,Guajará-Mirim,RO
1100080,Costa Marques,RO
1101492,São Francisco do Guaporé,RO
1101401,Monte Negro,RO
1100601,Cacaulândia,RO
1100403,Alto Paraíso,RO
1100023,Ariquemes,RO
1100262,Rio Crespo,RO
1101757,Vale do Anari,RO
1100130,Machadinho D'Oeste,RO
1100114,Jaru,RO
1101609,Theobroma,RO
1101005,Governador Jorge Teixeira,RO
1101807,Vale do Paraíso,RO
1101559,Teixeirópolis,RO
1101435,Nova União,RO
1100254,Presidente Médici,RO
1100122,Ji-Paraná,RO
1101302,Mirante da Serra,RO
1100155,Ouro Preto do Oeste,RO
1101708,Urupá,RO
1100320,São Miguel do Guaporé,RO
1101500,Seringueiras,RO
1100346,Alvorada D'Oeste,RO
1100148,Nova Brasilândia D'Oeste,RO
1100908,Castanheiras,RO
1101203,Ministro Andreazza,RO
1100296,Santa Luzia D'Oeste,RO
1100502,Novo Horizonte do Oeste,RO
1100379,Alto Alegre dos Parecis,RO
1100049,Cacoal,RO
1100098,Espigão D'Oeste,RO
1100015,Alta Floresta D'Oeste,RO
1100288,Rolim de Moura,RO
1101476,Primavera de Rondônia,RO
1101450,Parecis,RO
1101484,São Felipe D'Oeste,RO
1100189,Pimenta Bueno,RO
1100924,Chupinguaia,RO
1100304,Vilhena,RO
1100031,Cabixi,RO
1101468,Pimenteiras do Oeste,RO
1100056,Cerejeiras,RO
1100072,Corumbiara,RO
1100064,Colorado do Oeste,RO
1200393,Porto Walter,AC
1200336,Mâncio Lima,AC
1200351,Marechal Thaumaturgo,AC
1200427,Rodrigues Alves,AC
1200203,Cruzeiro do Sul,AC
1200609,Tarauacá,AC
1200328,Jordão,AC
1200302,Feijó,AC
1200435,Santa Rosa do Purus,AC
1200500,Sena Madureira,AC
1200344,Manoel Urbano,AC
1200450,Senador Guiomard,AC
1200385,Plácido de Castro,AC
1200138,Bujari,AC
1200179,Capixaba,AC
1200401,Rio Branco,AC
1200013,Acrelândia,AC
1200807,Porto Acre,AC
1200252,Epitaciolândia,AC
1200708,Xapuri,AC
1200054,Assis Brasil,AC
1200104,Brasiléia,AC
1303809,São Gabriel da Cachoeira,AM
1303601,Santa Isabel do Rio Negro,AM
1300409,Barcelos,AM
1303205,Novo Airão,AM
1302108,Japurá,AM
1302801,Maraã,AM
1302306,Jutaí,AM
1301605,Fonte Boa,AM
1304237,Tonantins,AM
1303700,Santo Antônio do Içá,AM
1300060,Amaturá,AM
1300607,Benjamin Constant,AM
1303908,São Paulo de Olivença,AM
1300201,Atalaia do Norte,AM
1304062,Tabatinga,AM
1301001,Carauari,AM
1302207,Juruá,AM
1301407,Eirunepé,AM
1301654,Guajará,AM
1301506,Envira,AM
1301951,Itamarati,AM
1301803,Ipixuna,AM
1300029,Alvarães,AM
1304203,Tefé,AM
1304260,Uarini,AM
1301308,Codajás,AM
1300102,Anori,AM
1301209,Coari,AM
1300631,Beruri,AM
1300839,Caapiranga,AM
1300086,Anamã,AM
1300300,Autazes,AM
1301100,Careiro,AM
1302553,Manaquiri,AM
1301852,Iranduba,AM
1302603,Manaus,AM
1301159,Careiro da Várzea,AM
1302504,Manacapuru,AM
1303536,Presidente Figueiredo,AM
1303569,Rio Preto da Eva,AM
1303106,Nova Olinda do Norte,AM
1304005,Silves,AM
1304401,Urucurituba,AM
1302009,Itapiranga,AM
1301902,Itacoatiara,AM
1303403,Parintins,AM
1300508,Barreirinha,AM
1303007,Nhamundá,AM
1300680,Boa Vista do Ramos,AM
1302900,Maués,AM
1304302,Urucará,AM
1303957,São Sebastião do Uatumã,AM
1303502,Pauini,AM
1300706,Boca do Acre,AM
1302405,Lábrea,AM
1300904,Canutama,AM
1304104,Tapauá,AM
1300805,Borba,AM
1300144,Apuí,AM
1302702,Manicoré,AM
1301704,Humaitá,AM
1303304,Novo Aripuanã,AM
1400100,Boa Vista,RR
1400050,Alto Alegre,RR
1400456,Pacaraima,RR
1400027,Amajari,RR
1400159,Bonfim,RR
1400175,Cantá,RR
1400704,Uiramutã,RR
1400407,Normandia,RR
1400308,Mucajaí,RR
1400282,Iracema,RR
1400209,Caracaraí,RR
1400472,Rorainópolis,RR
1400506,São João da Baliza,RR
1400233,Caroebe,RR
1400605,São Luiz,RR
1503002,Faro,PA
1503903,Juruti,PA
1505304,Oriximiná,PA
1507979,Terra Santa,PA
1505106,Óbidos,PA
1500404,Alenquer,PA
1504802,Monte Alegre,PA
1506807,Santarém,PA
1506005,Prainha,PA
1504752,Mojuí dos Campos,PA
1501451,Belterra,PA
1505650,Placas,PA
1502855,Curuá,PA
1500503,Almeirim,PA
1505908,Porto de Moz,PA
1504505,Melgaço,PA
1503101,Gurupá,PA
1505809,Portel,PA
1501105,Bagre,PA
1501808,Breves,PA
1500305,Afuá,PA
1500701,Anajás,PA
1502806,Curralinho,PA
1507706,São Sebastião da Boa Vista,PA
1502509,Chaves,PA
1506302,Salvaterra,PA
1506401,Santa Cruz do Arari,PA
1505700,Ponta de Pedras,PA
1502004,Cachoeira do Arari,PA
1504901,Muaná,PA
1507904,Soure,PA
1506351,Santa Bárbara do Pará,PA
1501501,Benevides,PA
1501402,Belém,PA
1501303,Barcarena,PA
1500800,Ananindeua,PA
1504422,Marituba,PA
1507003,Santo Antônio do Tauá,PA
1501907,Bujaru,PA
1506500,Santa Isabel do Pará,PA
1502400,Castanhal,PA
1503408,Inhangapi,PA
1502608,Colares,PA
1508209,Vigia,PA
1507102,São Caetano de Odivelas,PA
1507961,Terra Alta,PA
1502905,Curuçá,PA
1504109,Magalhães Barata,PA
1507466,São João da Ponta,PA
1504406,Marapanim,PA
1504307,Maracanã,PA
1506203,Salinópolis,PA
1507474,São João de Pirabas,PA
1506609,Santa Maria do Pará,PA
1507409,São Francisco do Pará,PA
1503200,Igarapé-Açu,PA
1508035,Tracuateua,PA
1501709,Bragança,PA
1500909,Augusto Corrêa,PA
1505007,Nova Timboteua,PA
1506906,Santarém Novo,PA
1502202,Capanema,PA
1505601,Peixe-Boi,PA
1501600,Bonito,PA
1506104,Primavera,PA
1506112,Quatipuru,PA
1505205,Oeiras do Pará,PA
1502103,Cametá,PA
1504000,Limoeiro do Ajuru,PA
1504604,Mocajuba,PA
1500107,Abaetetuba,PA
1503309,Igarapé-Miri,PA
1501204,Baião,PA
1508001,Tomé-Açu,PA
1500206,Acará,PA
1502756,Concórdia do Pará,PA
1504703,Moju,PA
1507953,Tailândia,PA
1507201,São Domingos do Capim,PA
1503507,Irituia,PA
1507607,São Miguel do Guamá,PA
1506559,Santa Luzia do Pará,PA
1501956,Cachoeira do Piriá,PA
1508308,Viseu,PA
1504059,Mãe do Rio,PA
1503457,Ipixuna do Pará,PA
1500958,Aurora do Pará,PA
1502301,Capitão Poço,PA
1505403,Ourém,PA
1504950,Nova Esperança do Piriá,PA
1503077,Garrafão do Norte,PA
1503754,Jacareacanga,PA
1503606,Itaituba,PA
1505031,Novo Progresso,PA
1508050,Trairão,PA
1501006,Aveiro,PA
1506195,Rurópolis,PA
1505486,Pacajá,PA
1500602,Altamira,PA
1507805,Senador José Porfírio,PA
1501725,Brasil Novo,PA
1504455,Medicilândia,PA
1508159,Uruará,PA
1508357,Vitória do Xingu,PA
1500859,Anapu,PA
1503804,Jacundá,PA
1503705,Itupiranga,PA
1504976,Nova Ipixuna,PA
1505064,Novo Repartimento,PA
1501782,Breu Branco,PA
1508100,Tucuruí,PA
1508126,Ulianópolis,PA
1502939,Dom Eliseu,PA
1505502,Paragominas,PA
1506187,Rondon do Pará,PA
1500131,Abel Figueiredo,PA
1501576,Bom Jesus do Tocantins,PA
1503093,Goianésia do Pará,PA
1501253,Bannach,PA
1502764,Cumaru do Norte,PA
1508084,Tucumã,PA
1505437,Ourilândia do Norte,PA
1507300,São Félix do Xingu,PA
1502772,Curionópolis,PA
1502152,Canaã dos Carajás,PA
1505536,Parauapebas,PA
1502954,Eldorado do Carajás,PA
1500347,Água Azul do Norte,PA
1505494,Palestina do Pará,PA
1504208,Marabá,PA
1501758,Brejo Grande do Araguaia,PA
1507508,São João do Araguaia,PA
1507151,São Domingos do Araguaia,PA
1505635,Piçarra,PA
1507458,São Geraldo do Araguaia,PA
1506138,Redenção,PA
1505551,Pau D'Arco,PA
1507755,Sapucaia,PA
1506161,Rio Maria,PA
1508407,Xinguara,PA
1506708,Santana do Araguaia,PA
1506583,Santa Maria das Barreiras,PA
1502707,Conceição do Araguaia,PA
1503044,Floresta do Araguaia,PA
1600501,Oiapoque,AP
1600204,Calçoene,AP
1600709,Tartarugalzinho,AP
1600105,Amapá,AP
1600550,Pracuúba,AP
1600253,Itaubal,AP
1600303,Macapá,AP
1600600,Santana,AP
1600212,Cutias,AP
1600154,Pedra Branca do Amapari,AP
1600238,Ferreira Gomes,AP
1600055,Serra do Navio,AP
1600535,Porto Grande,AP
1600402,Mazagão,AP
1600279,Laranjal do Jari,AP
1600808,Vitória do Jari,AP
1706506,Darcinópolis,TO
1718550,Riachinho,TO
1701002,Ananás,TO
1701051,Angico,TO
1714302,Nazaré,TO
1712801,Maurilândia do Tocantins,TO
1720002,Santa Terezinha do Tocantins,TO
1721208,Tocantinópolis,TO
1700301,Aguiarnópolis,TO
1703826,Cachoeirinha,TO
1713809,Palmeiras do Tocantins,TO
1712454,Luzinópolis,TO
1702554,Augustinópolis,TO
1702208,Araguatins,TO
1703891,Carrasco Bonito,TO
1720804,Sítio Novo do Tocantins,TO
1718303,Praia Norte,TO
1720101,São Bento do Tocantins,TO
1703800,Buriti do Tocantins,TO
1707405,Esperantina,TO
1702901,Axixá do Tocantins,TO
1720309,São Sebastião do Tocantins,TO
1710706,Itaguatins,TO
1718808,Sampaio,TO
1720200,São Miguel do Tocantins,TO
1716307,Pau D'Arco,TO
1703008,Babaçulândia,TO
1702158,Araguanã,TO
1717206,Piraquê,TO
1702307,Arapoema,TO
1701309,Aragominas,TO
1702109,Araguaína,TO
1714880,Nova Olinda,TO
1703883,Carmolândia,TO
1707702,Filadélfia,TO
1722107,Xambioá,TO
1722081,Wanderlândia,TO
1718865,Santa Fé do Araguaia,TO
1713957,Muricilândia,TO
1715705,Palmeirante,TO
1703057,Bandeirantes do Tocantins,TO
1705508,Colinas do Tocantins,TO
1703107,Barrolândia,TO
1700251,Abreulândia,TO
1707108,Divinópolis do Tocantins,TO
1701903,Araguacema,TO
1703909,Caseara,TO
1712504,Marianópolis do Tocantins,TO
1713700,Monte Santo do Tocantins,TO
1718709,Rio dos Bois,TO
1713205,Miracema do Tocantins,TO
1707207,Dois Irmãos do Tocantins,TO
1713304,Miranorte,TO
1709302,Guaraí,TO
1708304,Goianorte,TO
1716703,Colméia,TO
1716653,Pequizeiro,TO
1706001,Couto Magalhães,TO
1718402,Presidente Kennedy,TO
1708254,Fortaleza do Tabocão,TO
1711100,Itaporã do Tocantins,TO
1721257,Tupirama,TO
1703206,Bernardo Sayão,TO
1703602,Brasilândia do Tocantins,TO
1721307,Tupiratins,TO
1711803,Juarina,TO
1707553,Fátima,TO
1715507,Oliveira de Fátima,TO
1711902,Lagoa da Confusão,TO
1715002,Nova Rosalândia,TO
1704600,Chapada de Areia,TO
1717503,Pium,TO
1718451,Pugmil,TO
1706100,Cristalândia,TO
1716109,Paraíso do Tocantins,TO
1702000,Araguaçu,TO
1707306,Dueré,TO
1708205,Formoso do Araguaia,TO
1718840,Sandolândia,TO
1703701,Brejinho de Nazaré,TO
1718899,Santa Rita do Tocantins,TO
1709500,Gurupi,TO
1715754,Palmeirópolis,TO
1703867,Cariri do Tocantins,TO
1700707,Alvorada,TO
1700350,Aliança do Tocantins,TO
1706258,Crixás do Tocantins,TO
1707652,Figueirópolis,TO
1716604,Peixe,TO
1720978,Talismã,TO
1711506,Jaú do Tocantins,TO
1720853,Sucupira,TO
1720259,São Salvador do Tocantins,TO
1701101,Aparecida do Rio Negro,TO
1712009,Lajeado,TO
1721000,Palmas,TO
1720655,Silvanópolis,TO
1709807,Ipueiras,TO
1713601,Monte do Carmo,TO
1718204,Porto Nacional,TO
1721109,Tocantínia,TO
1716505,Pedro Afonso,TO
1718881,Santa Maria do Tocantins,TO
1703305,Bom Jesus do Tocantins,TO
1712702,Mateiros,TO
1712405,Lizarda,TO
1715101,Novo Acordo,TO
1711951,Lagoa do Tocantins,TO
1718758,Rio Sono,TO
1720150,São Félix do Tocantins,TO
1719004,Santa Tereza do Tocantins,TO
1717909,Ponte Alta do Tocantins,TO
1703842,Campos Lindos,TO
1709005,Goiatins,TO
1703073,Barra do Ouro,TO
1718501,Recursolândia,TO
1704105,Centenário,TO
1710508,Itacajá,TO
1710904,Itapiratins,TO
1717008,Pindorama do Tocantins,TO
1714203,Natividade,TO
1705102,Chapada da Natividade,TO
1718907,Santa Rosa do Tocantins,TO
1720499,São Valério,TO
1716208,Paranã,TO
1707009,Dianópolis,TO
1700400,Almas,TO
1718006,Porto Alegre do Tocantins,TO
1715259,Novo Jardim,TO
1720903,Taguatinga,TO
1705607,Conceição do Tocantins,TO
1702703,Aurora do Tocantins,TO
1720937,Taipas do Tocantins,TO
1705557,Combinado,TO
1702406,Arraias,TO
1718659,Rio da Conceição,TO
1712157,Lavandeira,TO
1717800,Ponte Alta do Bom Jesus,TO
1715150,Novo Alegre,TO
2100204,Alcântara,MA
2101350,Bacurituba,MA
2101905,Bequimão,MA
2102408,Cajapió,MA
2103125,Central do Maranhão,MA
2111789,Serrano do Maranhão,MA
2109056,Porto Rico do Maranhão,MA
2103703,Cururupu,MA
2100832,Apicum-Açu,MA
2101301,Bacuri,MA
2106805,Mirinzal,MA
2103109,Cedral,MA
2104909,Guimarães,MA
2111201,São José de Ribamar,MA
2111300,São Luís,MA
2109452,Raposa,MA
2107506,Paço do Lumiar,MA
2107100,Morros,MA
2109601,Rosário,MA
2109205,Presidente Juscelino,MA
2105104,Icatu,MA
2102374,Cachoeira Grande,MA
2101251,Bacabeira,MA
2110203,Santa Rita,MA
2101103,Axixá,MA
2109403,Primeira Cruz,MA
2101707,Barreirinhas,MA
2110278,Santo Amaro do Maranhão,MA
2105005,Humberto de Campos,MA
2108058,Paulino Neves,MA
2112506,Tutóia,MA
2109270,Presidente Sarney,MA
2110500,São Bento,MA
2108603,Pinheiro,MA
2109809,Santa Helena,MA
2108256,Pedro do Rosário,MA
2108405,Peri Mirim,MA
2107605,Palmeirândia,MA
2100709,Anajatuba,MA
2101004,Arari,MA
2111003,São João Batista,MA
2107456,Olinda Nova do Maranhão,MA
2108306,Penalva,MA
2111706,São Vicente Ferrer,MA
2112803,Viana,MA
2106508,Matinha,MA
2102507,Cajari,MA
2112902,Vitória do Mearim,MA
2105153,Igarapé do Meio,MA
2101772,Bela Vista do Maranhão,MA
2106904,Monção,MA
2103554,Conceição do Lago-Açu,MA
2105401,Itapecuru Mirim,MA
2106755,Miranda do Norte,MA
2109304,Presidente Vargas,MA
2108801,Pirapemas,MA
2112704,Vargem Grande,MA
2102705,Cantanhede,MA
2107209,Nina Rodrigues,MA
2106631,Matões do Norte,MA
2112456,Turilândia,MA
2112407,Turiaçu,MA
2106201,Luís Domingues,MA
2102903,Carutapera,MA
2104677,Governador Nunes Freire,MA
2101970,Boa Vista do Gurupi,MA
2103174,Centro Novo do Maranhão,MA
2105658,Junco do Maranhão,MA
2100550,Amapá do Maranhão,MA
2102606,Cândido Mendes,MA
2104305,Godofredo Viana,MA
2103158,Centro do Guilherme,MA
2106326,Maracaçumé,MA
2106375,Maranhãozinho,MA
2114007,Zé Doca,MA
2109908,Santa Inês,MA
2104651,Governador Newton Bello,MA
2111029,São João do Carú,MA
2100477,Alto Alegre do Pindaré,MA
2107357,Nova Olinda do Maranhão,MA
2108504,Pindaré-Mirim,MA
2110005,Santa Luzia,MA
2100873,Araguanã,MA
2112274,Tufilândia,MA
2102002,Bom Jardim,MA
2105963,Lagoa Grande do Maranhão,MA
2113009,Vitorino Freire,MA
2108108,Paulo Ramos,MA
2105708,Lago da Pedra,MA
2106359,Marajá do Sena,MA
2102150,Brejo de Areia,MA
2100402,Altamira do Maranhão,MA
2110039,Santa Luzia do Paruá,MA
2109239,Presidente Médici,MA
2102036,Bom Jesus das Selvas,MA
2102325,Buriticupu,MA
2103257,Cidelândia,MA
2107001,Montes Altos,MA
2112852,Vila Nova dos Martírios,MA
2111532,São Pedro da Água Branca,MA
2105989,Lajeado Novo,MA
2103752,Davinópolis,MA
2102358,Buritirana,MA
2109551,Ribamar Fiquene,MA
2100600,Amarante do Maranhão,MA
2104552,Governador Edison Lobão,MA
2111763,Senador La Rocque,MA
2105302,Imperatriz,MA
2105500,João Lisboa,MA
2105427,Itinga do Maranhão,MA
2100055,Açailândia,MA
2110856,São Francisco do Brejão,MA
2108702,Pio XII,MA
2102077,Bom Lugar,MA
2105906,Lago Verde,MA
2111722,Satubinha,MA
2107407,Olho d'Água das Cunhãs,MA
2101202,Bacabal,MA
2111508,São Mateus do Maranhão,MA
2111409,São Luís Gonzaga do Maranhão,MA
2101939,Bernardo do Mearim,MA
2105807,Lago do Junco,MA
2105948,Lago dos Rodrigues,MA
2111672,São Roberto,MA
2106003,Lima Campos,MA
2112233,Trizidela do Vale,MA
2108207,Pedreiras,MA
2105203,Igarapé Grande,MA
2104008,Esperantinópolis,MA
2111631,São Raimundo do Doca Bezerra,MA
2108900,Poção de Pedras,MA
2110302,Santo Antônio dos Lopes,MA
2105609,Joselândia,MA
2109759,Santa Filomena do Maranhão,MA
2112308,Tuntum,MA
2104099,Formosa da Serra Negra,MA
2111805,Sítio Novo,MA
2104081,Fernando Falcão,MA
2101608,Barra do Corda,MA
2105351,Itaipava do Grajaú,MA
2104800,Grajaú,MA
2100956,Arame,MA
2105476,Jenipapo dos Vieiras,MA
2109106,Presidente Dutra,MA
2104602,Governador Eugênio Barros,MA
2104404,Gonçalves Dias,MA
2104503,Governador Archer,MA
2104701,Graça Aranha,MA
2111748,Senador Alexandre Costa,MA
2104206,Fortuna,MA
2104628,Governador Luiz Rocha,MA
2103802,Dom Pedro,MA
2111250,São José dos Basílios,MA
2110708,São Domingos do Maranhão,MA
2110104,Santa Quitéria do Maranhão,MA
2106300,Magalhães de Almeida,MA
2100154,Água Doce do Maranhão,MA
2110237,Santana do Maranhão,MA
2110609,São Bernardo,MA
2100907,Araioses,MA
2101731,Belágua,MA
2110401,São Benedito do Rio Preto,MA
2103208,Chapadinha,MA
2106672,Milagres do Maranhão,MA
2112605,Urbano Santos,MA
2102101,Brejo,MA
2106409,Mata Roma,MA
2100808,Anapurus,MA
2102200,Buriti,MA
2100436,Alto Alegre do Maranhão,MA
2102754,Capinzal do Norte,MA
2108454,Peritoró,MA
2112100,Timbiras,MA
2103307,Codó,MA
2103604,Coroatá,MA
2103901,Duque Bacelar,MA
2103406,Coelho Neto,MA
2100105,Afonso Cunha,MA
2100303,Aldeias Altas,MA
2111078,São João do Soter,MA
2103000,Caxias,MA
2112209,Timon,MA
2106607,Matões,MA
2102309,Buriti Bravo,MA
2107803,Parnarama,MA
2105922,Lagoa do Mato,MA
2108009,Pastos Bons,MA
2110906,São Francisco do Maranhão,MA
2101509,Barão de Grajaú,MA
2107902,Passagem Franca,MA
2111102,São João dos Patos,MA
2111953,Sucupira do Riachão,MA
2107308,Nova Iorque,MA
2107704,Paraibano,MA
2111904,Sucupira do Norte,MA
2106706,Mirador,MA
2105450,Jatobá,MA
2103505,Colinas,MA
2102556,Campestre do Maranhão,MA
2111052,São João do Paraíso,MA
2104057,Estreito,MA
2109007,Porto Franco,MA
2111573,São Pedro dos Crentes,MA
2102804,Carolina,MA
2101400,Balsas,MA
2100501,Alto Parnaíba,MA
2112001,Tasso Fragoso,MA
2104073,Feira Nova do Maranhão,MA
2109502,Riachão,MA
2110658,São Domingos do Azeitão,MA
2101806,Benedito Leite,MA
2110807,São Félix de Balsas,MA
2104107,Fortaleza dos Nogueiras,MA
2109700,Sambaíba,MA
2111607,São Raimundo das Mangabeiras,MA
2106102,Loreto,MA
2107258,Nova Colinas,MA
2206209,Miguel Alves,PI
2202059,Cabeceiras do Piauí,PI
2201200,Barras,PI
2202174,Campo Largo do Piauí,PI
2208502,Porto,PI
2201770,Boa Hora,PI
2206803,Nossa Senhora dos Remédios,PI
2208403,Piripiri,PI
2201960,Brasileira,PI
2205458,Joca Marques,PI
2205805,Luzilândia,PI
2201507,Batalha,PI
2203701,Esperantina,PI
2205409,Joaquim Pires,PI
2206100,Matias Olímpio,PI
2209971,São João do Arraial,PI
2206670,Morro do Chapéu do Piauí,PI
2205854,Madeiro,PI
2206696,Murici dos Portelas,PI
2202083,Cajueiro da Praia,PI
2207702,Parnaíba,PI
2205706,Luís Correia,PI
2202729,Cocal dos Alves,PI
2202000,Buriti dos Lopes,PI
2204659,Ilha Grande,PI
2202539,Caraúbas do Piauí,PI
2201919,Bom Princípio do Piauí,PI
2202653,Caxingó,PI
2202703,Cocal,PI
2209872,São João da Fronteira,PI
2210052,São José do Divino,PI
2208304,Piracuruca,PI
2207793,Pau D'Arco do Piauí,PI
2203305,Demerval Lobão,PI
2206720,Nazária,PI
2202737,Coivaras,PI
2205557,Lagoa Alegre,PI
2206407,Monsenhor Gil,PI
2203255,Curralinhos,PI
2201606,Beneditinos,PI
2211001,Teresina,PI
2205508,José de Freitas,PI
2211100,União,PI
2200400,Altos,PI
2205581,Lagoa do Piauí,PI
2206308,Miguel Leão,PI
2206951,Novo Santo Antônio,PI
2200301,Alto Longá,PI
2202026,Buriti dos Montes,PI
2202208,Campo Maior,PI
2206753,Nossa Senhora de Nazaré,PI
2201051,Assunção do Piauí,PI
2210656,Sigefredo Pacheco,PI
2202604,Castelo do Piauí,PI
2210409,São Miguel do Tapuio,PI
2205276,Jatobá do Piauí,PI
2201945,Boqueirão do Piauí,PI
2205516,Juazeiro do Piauí,PI
2209906,São João da Serra,PI
2202711,Cocal de Telha,PI
2205573,Lagoa de São Francisco,PI
2206357,Milton Brandão,PI
2202406,Capitão de Campos,PI
2207900,Pedro II,PI
2203420,Domingos Mourão,PI
2205250,Jardim do Mulato,PI
2207108,Olho D'Água do Piauí,PI
2200608,Angical do Piauí,PI
2200509,Amarante,PI
2209450,Santo Antônio dos Milagres,PI
2210508,São Pedro do Piauí,PI
2207504,Palmeirais,PI
2205540,Lagoinha do Piauí,PI
2201408,Barro Duro,PI
2207751,Passagem Franca do Piauí,PI
2200103,Agricolândia,PI
2204600,Hugo Napoleão,PI
2200202,Água Branca,PI
2208809,Regeneração,PI
2209807,São Gonçalo do Piauí,PI
2201002,Arraial,PI
2204105,Francisco Ayres,PI
2204006,Francinópolis,PI
2209609,São Félix do Piauí,PI
2208601,Prata do Piauí,PI
2210383,São Miguel da Baixa Grande,PI
2211407,Várzea Grande,PI
2203503,Elesbão Veloso,PI
2201176,Barra D'Alcântara,PI
2205599,Lagoa do Sítio,PI
2204709,Inhuma,PI
2211308,Valença do Piauí,PI
2200905,Aroazes,PI
2206902,Novo Oriente do Piauí,PI
2208106,Pimenteiras,PI
2209153,Santa Cruz dos Milagres,PI
2209203,Santa Filomena,PI
2208908,Ribeiro Gonçalves,PI
2201150,Baixa Grande do Ribeiro,PI
2211209,Uruçuí,PI
2202752,Colônia do Gurguéia,PI
2208551,Porto Alegre do Piauí,PI
2205607,Landri Sales,PI
2206001,Marcos Parente,PI
2210631,Sebastião Leal,PI
2205904,Manoel Emídio,PI
2200806,Antônio Almeida,PI
2201705,Bertolínia,PI
2203602,Eliseu Martins,PI
2210391,São Miguel do Fidalgo,PI
2205102,Itaueira,PI
2204501,Guadalupe,PI
2209708,São Francisco do Piauí,PI
2210102,São José do Peixe,PI
2202251,Canavieira,PI
2203909,Floriano,PI
2205300,Jerumenha,PI
2206704,Nazaré do Piauí,PI
2207850,Pavussu,PI
2203800,Flores do Piauí,PI
2209005,Rio Grande do Piauí,PI
2209757,São Gonçalo do Gurguéia,PI
2204402,Gilbués,PI
2206605,Monte Alegre do Piauí,PI
2201309,Barreiras do Piauí,PI
2201903,Bom Jesus,PI
2209302,Santa Luz,PI
2208700,Redenção do Gurguéia,PI
2207405,Palmeira do Piauí,PI
2203107,Cristino Castro,PI
2200459,Alvorada do Gurguéia,PI
2203230,Currais,PI
2202505,Caracol,PI
2205532,Jurema,PI
2204550,Guaribas,PI
2203453,Dom Inocêncio,PI
2203354,Dirceu Arcoverde,PI
2211357,Várzea Branca,PI
2210359,São Lourenço do Piauí,PI
2209559,São Braz do Piauí,PI
2202851,Coronel José Dias,PI
2210607,São Raimundo Nonato,PI
2201929,Bonfim do Piauí,PI
2203750,Fartura do Piauí,PI
2200707,Anísio de Abreu,PI
2201988,Brejo do Piauí,PI
2207355,Pajeú do Piauí,PI
2202307,Canto do Buriti,PI
2210953,Tamboril do Piauí,PI
2205524,Júlio Borges,PI
2202901,Corrente,PI
2210623,Sebastião Barros,PI
2208858,Riacho Frio,PI
2203008,Cristalândia do Piauí,PI
2203206,Curimatá,PI
2206654,Morro Cabeça no Tempo,PI
2207603,Parnaguá,PI
2201101,Avelino Lopes,PI
2204808,Ipiranga do Piauí,PI
2209856,São João da Canabrava,PI
2203404,Dom Expedito Lopes,PI
2209351,Santana do Piauí,PI
2210375,São Luis do Piauí,PI
2209104,Santa Cruz do Piauí,PI
2204352,Geminiano,PI
2208007,Picos,PI
2200954,Aroeiras do Itaim,PI
2201804,Bocaina,PI
2210938,Sussuapara,PI
2211704,Wall Ferraz,PI
2210201,São José do Piauí,PI
2207553,Paquetá,PI
2210979,Tanque do Piauí,PI
2202778,Colônia do Piauí,PI
2202075,Cajazeiras do Piauí,PI
2207009,Oeiras,PI
2209377,Santa Rosa do Piauí,PI
2209955,São João da Varjota,PI
2210300,São Julião,PI
2206506,Monsenhor Hipólito,PI
2204204,Francisco Santos,PI
2200251,Alagoinha do Piauí,PI
2208205,Pio IX,PI
2209401,Santo Antônio de Lisboa,PI
2200277,Alegrete do Piauí,PI
2202091,Caldeirão Grande do Piauí,PI
2202133,Campo Grande do Piauí,PI
2205201,Jaicós,PI
2204303,Fronteiras,PI
2207207,Padre Marcos,PI
2206050,Massapê do Piauí,PI
2204907,Isaías Coelho,PI
2205003,Itainópolis,PI
2211506,Vera Mendes,PI
2211605,Vila Nova do Piauí,PI
2204154,Francisco Macedo,PI
2205953,Marcolândia,PI
2201572,Belém do Piauí,PI
2207801,Paulistana,PI
2202554,Caridade do Piauí,PI
2207777,Patos do Piauí,PI
2208650,Queimada Nova,PI
2205151,Jacobina do Piauí,PI
2200053,Acauã,PI
2201739,Betânia do Piauí,PI
2210706,Simões,PI
2203271,Curral Novo do Piauí,PI
2209500,Santo Inácio do Piauí,PI
2203859,Floresta do Piauí,PI
2207306,Paes Landim,PI
2210904,Socorro do Piauí,PI
2210805,Simplício Mendes,PI
2202802,Conceição do Canindé,PI
2202109,Campinas do Piauí,PI
2209658,São Francisco de Assis do Piauí,PI
2201556,Bela Vista do Piauí,PI
2205565,Lagoa do Barro do Piauí,PI
2210003,São João do Piauí,PI
2207959,Nova Santa Rita,PI
2202117,Campo Alegre do Fidalgo,PI
2205359,João Costa,PI
2207934,Pedro Laurentino,PI
2208874,Ribeira do Piauí,PI
2202455,Capitão Gervásio Oliveira,PI
2308906,Morrinhos,CE
2307908,Martinópole,CE
2307254,Jijoca de Jericoacoara,CE
2306553,Itarema,CE
2302305,Bela Cruz,CE
2300200,Acaraú,CE
2307809,Marco,CE
2304251,Cruz,CE
2303907,Chaval,CE
2304707,Granja,CE
2302057,Barroquinha,CE
2302602,Camocim,CE
2305308,Ibiapina,CE
2303402,Carnaubal,CE
2313609,Ubajara,CE
2314102,Viçosa do Ceará,CE
2313401,Tianguá,CE
2312304,São Benedito,CE
2305001,Guaraciaba do Norte,CE
2304236,Croatá,CE
2313906,Uruoca,CE
2304509,Frecheirinha,CE
2304004,Coreaú,CE
2308807,Moraújo,CE
2308203,Meruoca,CE
2300507,Alcântaras,CE
2308377,Miraíma,CE
2306108,Irauçuba,CE
2304657,Graça,CE
2312809,Senador Sá,CE
2308005,Massapê,CE
2312007,Santana do Acaraú,CE
2312908,Sobral,CE
2309904,Pacujá,CE
2303105,Cariré,CE
2304905,Groaíras,CE
2304350,Forquilha,CE
2309003,Mucambo,CE
2311009,Poranga,CE
2311702,Reriutaba,CE
2313955,Varjota,CE
2305902,Ipueiras,CE
2310951,Pires Ferreira,CE
2305803,Ipu,CE
2312205,Santa Quitéria,CE
2303659,Catunda,CE
2305209,Hidrolândia,CE
2306405,Itapipoca,CE
2313500,Trairi,CE
2300754,Amontada,CE
2310258,Paraipaba,CE
2310209,Paracuru,CE
2312403,São Gonçalo do Amarante,CE
2313559,Tururu,CE
2313807,Uruburetama,CE
2313757,Umirim,CE
2306306,Itapagé,CE
2312601,São Luís do Curu,CE
2310704,Pentecoste,CE
2313351,Tejuçuoca,CE
2304608,General Sampaio,CE
2300903,Apuiarés,CE
2310407,Paramoti,CE
2303006,Caridade,CE
2306603,Itatira,CE
2302800,Canindé,CE
2310100,Palmácia,CE
2306504,Itapiúna,CE
2309102,Mulungu,CE
2300150,Acarape,CE
2309805,Pacoti,CE
2301406,Aratuba,CE
2311603,Redenção,CE
2302909,Capistrano,CE
2301208,Aracoiaba,CE
2305100,Guaramiranga,CE
2302107,Baturité,CE
2303956,Chorozinho,CE
2309458,Ocara,CE
2301950,Barreira,CE
2310852,Pindoretama,CE
2302206,Beberibe,CE
2303501,Cascavel,CE
2303709,Caucaia,CE
2306256,Itaitinga,CE
2309706,Pacatuba,CE
2304400,Fortaleza,CE
2307650,Maracanaú,CE
2307700,Maranguape,CE
2304954,Guaiúba,CE
2301000,Aquiraz,CE
2304285,Eusébio,CE
2309607,Pacajus,CE
2305233,Horizonte,CE
2313203,Tamboril,CE
2309300,Nova Russas,CE
2308609,Monsenhor Tabosa,CE
2309409,Novo Oriente,CE
2304103,Crateús,CE
2305654,Ipaporanga,CE
2311264,Quiterianópolis,CE
2301257,Ararendá,CE
2305605,Independência,CE
2302404,Boa Viagem,CE
2307635,Madalena,CE
2303931,Choró,CE
2301851,Banabuiú,CE
2311405,Quixeramobim,CE
2311306,Quixadá,CE